username,agreeableness,openness,conscientiousness,extraversion,neuroticism
Alsedarna,77.0,94.0,10.0,57.0,15.0
Nausved,78.0,91.0,57.0,3.0,10.0
TheQuipton,78.0,30.0,37.0,29.0,82.0
Yousuflol,74.0,49.0,65.0,34.0,74.0
Maven_Politic,0.0,80.0,13.0,53.0,20.0
skullphilosophy,31.0,95.0,21.0,1.0,86.0
nycola,15.0,84.0,13.0,24.0,43.0
cenease,30.0,70.0,95.0,5.0,95.0
byukid_,17.0,90.0,20.0,96.0,88.0
quiteafewfireflies,50.0,85.0,15.0,50.0,85.0
Wasp2374,50.0,85.0,50.0,50.0,15.0
Nichotal,29.0,65.0,65.0,0.0,5.0
nrgstorm,28.0,57.0,69.0,2.0,72.0
MoonP0P,76.0,85.0,5.0,11.0,85.0
freethinker101,25.0,82.0,1.0,28.0,99.0
NukishPhilosophy,1.0,8.0,91.0,24.0,7.0
CoriOreo,11.0,88.0,41.0,10.0,40.0
ronaldtrip,30.0,31.0,21.0,17.0,17.0
MrDuderino,19.0,84.0,7.0,90.0,7.0
StellatedColt,15.0,30.0,18.0,12.0,19.0
Runamoke,9.0,50.0,13.0,74.0,2.0
khaannn,0.0,85.0,43.0,0.0,11.0
taturanamanana,15.0,70.0,5.0,5.0,70.0
solomar15,89.0,99.0,17.0,36.0,22.0
stairwell_chili,57.0,97.0,56.0,94.0,99.0
T-888,65.0,49.0,97.0,82.0,11.0
VampirePlays,4.0,64.0,87.0,49.0,9.0
JusticeTheEnd,70.0,87.0,35.0,12.0,73.0
whosician,55.0,50.0,26.0,24.0,58.0
Sabata11792,8.0,11.0,74.0,1.0,25.0
Jaztheping,50.0,33.0,20.0,19.0,67.0
noideawhatever,34.0,84.0,7.0,3.0,89.0
jean0_,96.0,91.0,38.0,8.0,17.0
Amator,85.0,97.0,61.0,87.0,67.0
voidmechanic,13.0,85.0,2.0,94.0,86.0
OoglieBooglie93,17.0,10.0,44.0,6.0,58.0
Xarragh,8.0,61.0,4.0,80.0,29.0
el_mundo_es_tuyo,18.0,48.0,83.0,65.0,20.0
blushdot,39.0,90.0,69.0,20.0,26.0
NeutralGoodINTP,17.0,27.0,8.0,4.0,90.0
CapitalistWoman,87.0,98.0,96.0,96.0,61.0
ardent_wolf,2.0,92.0,1.0,38.0,86.0
metalglasses,56.0,79.0,62.5,35.0,60.0
Hortusecclesiae,26.0,98.0,78.0,97.0,47.0
goddamnhivemind,17.0,59.0,46.0,5.0,32.0
Agewalker,11.0,49.0,20.0,93.0,6.0
TheProphetCrow,17.0,65.0,2.0,9.0,53.0
Ambedo_1,11.0,6.0,61.0,1.0,45.0
PoisonThorn,15.0,85.0,50.0,15.0,85.0
shitlord-alpha,25.0,95.0,30.0,35.0,75.0
ProfessorClayton,29.0,9.0,9.0,22.0,9.0
vcxnuedc8j,2.0,38.0,87.0,28.0,1.0
Razorwindx17,24.0,50.0,15.0,27.0,16.0
VorpalPen,56.0,62.0,46.0,5.0,68.0
goodjason89,26.0,45.0,85.0,96.0,29.0
hisashino,1.0,58.0,24.0,1.0,96.0
_AnObviousThrowaway_,77.0,70.0,68.0,63.0,84.0
Static541,58.0,17.0,4.0,4.0,86.0
Tetha,70.0,48.0,56.0,12.0,58.0
This_Ex_Is_On_Fire,91.0,8.0,13.0,84.0,58.0
DenebVegaAltair,64.0,44.0,33.0,8.0,88.0
followingfreeways,70.0,69.0,84.0,93.0,54.0
diceroll123,85.0,50.0,50.0,50.0,15.0
Cat-Nipped,21.0,28.0,33.0,31.0,5.0
Reverend_Gr0gg,29.0,80.0,11.0,7.0,48.0
Casualfaget,17.0,92.0,6.0,34.0,34.0
BoutOfDoubt,15.0,85.0,0.0,0.0,84.0
ObeyRed,13.0,94.0,83.0,47.0,90.0
Private-Witt,1.0,93.0,64.0,54.0,41.0
revenantwolf,7.0,96.0,96.0,19.0,34.0
Mikkjal,50.0,94.0,59.0,50.0,78.0
NinjaMine,50.0,54.0,72.0,19.0,84.0
darktryad,5.0,8.0,5.0,0.0,75.0
dokturdro,2.0,50.0,92.0,86.0,7.0
I_I_Z_I_I,21.0,98.0,81.0,50.0,21.0
SilentSwordYE,50.0,50.0,50.0,50.0,
mmzznnxx,48.0,10.0,20.0,30.0,8.0
heart2start,24.0,91.0,0.0,94.0,36.0
kronos55,2.0,16.0,44.0,4.0,77.0
Toezap,9.0,19.0,88.0,62.0,25.0
Tr2v,0.0,70.0,98.0,4.0,0.0
Mate_Cro,9.0,9.0,35.0,0.0,24.0
markherrington5,5.0,61.0,8.0,9.0,40.0
Bonch_and_Clyde,55.0,84.0,43.0,0.0,58.0
Rocky_Bukkake,88.0,88.0,32.0,31.0,6.0
Vineee2000,26.0,8.0,52.0,75.0,3.0
r-aze,1.0,47.0,93.0,10.0,4.0
mahoushoujonami,34.0,35.0,44.0,24.0,90.0
ZachWaldman,65.0,98.0,56.0,98.0,87.0
Wedonegoofed,44.0,73.0,2.0,5.0,84.0
Sexua1Ref0rmer,70.0,85.0,85.0,50.0,15.0
garboooo,4.0,34.0,18.0,9.0,96.0
Rancerle,67.0,86.0,56.0,62.0,76.0
licketyspilt,7.0,88.0,60.0,,9.0
my_milkshake,11.0,87.0,10.0,66.0,13.0
FromBPtoRP,26.0,41.0,23.0,77.0,69.0
HomarusSimpson,5.0,96.0,87.0,22.0,25.0
RelaxThisIsOnlyATest,5.0,95.0,5.0,50.0,95.0
AliceKettle,34.0,14.0,8.0,16.0,32.0
BetweenTwoWords,20.0,50.0,50.0,30.0,70.0
WyrdaBrisingr,17.0,88.0,22.0,28.0,4.0
weloveheidi,95.0,37.0,87.0,80.0,43.0
zEaK47,15.0,50.0,15.0,15.0,50.0
BonaFideNubbin,89.0,92.0,35.0,2.0,92.0
64BitCoffee,9.0,50.0,70.0,8.0,40.0
bodyguard94,87.0,80.0,59.0,80.0,31.0
zyzee,88.0,78.0,31.0,75.0,10.0
manimsoblack,12.0,55.0,54.0,39.0,4.0
Extremebomb,33.0,72.0,66.0,17.0,12.0
Ninauposkitzipxpe,1.0,92.0,1.0,46.0,97.0
Brewer_Matt,77.0,,82.0,30.0,19.0
lzimmy,83.0,80.0,46.0,37.0,14.0
TubeFerret,50.0,57.0,0.0,9.0,97.0
tjvh,38.0,33.0,8.0,14.0,89.0
escapist11,3.0,90.0,52.0,9.0,49.0
kevgm,34.0,88.0,50.0,21.0,4.0
loosepocketclip,58.0,45.0,54.0,82.0,8.0
potato_patsy,94.0,,0.0,76.0,75.0
Schwarzwald_Creme,41.0,30.0,80.0,38.0,16.0
Ciryher,85.0,95.0,15.0,50.0,15.0
Dravidor,29.5,71.5,59.0,40.5,47.5
konosyn,55.0,74.0,43.0,22.0,63.0
LifeSmash,43.0,15.0,0.0,50.0,39.0
stachldrat,24.0,61.0,6.0,5.0,88.0
lonesoldier09,81.0,9.0,35.0,58.0,7.0
nrjk,20.0,92.0,21.0,73.0,7.0
JackWilfred,24.0,84.0,1.0,64.0,92.0
unkinhead,65.0,86.0,0.0,0.0,4.0
verandablue,11.0,30.0,22.0,1.0,54.0
pm_me_your_molars,0.0,38.0,43.0,77.0,12.0
Janfox,15.0,50.0,50.0,15.0,50.0
BigWilldo,98.0,71.0,52.0,21.0,46.0
CmdBelial,27.0,87.0,8.0,2.0,93.0
hoodoowoodoo,85.0,85.0,5.0,50.0,70.0
dariddler,0.0,41.0,52.0,12.0,49.0
thatwhichshinesforth,87.0,91.0,0.0,4.0,93.0
NotSoSlenderMan,5.0,87.0,30.0,20.0,46.0
lpoker12,2.0,18.0,75.0,8.0,3.0
xeroctr3,3.0,75.0,27.0,3.0,77.0
EventHorizonMeltdown,13.0,53.0,11.0,28.0,42.0
Nuetella,54.0,20.0,59.0,69.0,88.0
amazo13,57.0,91.0,7.0,34.0,1.0
ksvr,25.0,71.0,49.0,17.0,45.0
Uhh_Political,32.0,45.0,40.0,39.0,10.0
wickedwick,22.0,90.0,89.0,18.0,76.0
mousezard,14.0,93.0,21.0,70.0,34.0
neutralgoodbyes,8.0,23.0,4.0,37.0,46.0
Obliototone,77.0,27.0,2.0,0.0,92.0
Scudmuffin1,21.0,61.0,30.0,7.0,75.0
thisthisoneone,89.0,84.0,88.0,82.0,9.0
Captaindecius,82.0,99.0,0.0,6.0,91.0
thatlur,83.0,69.0,27.0,39.0,8.0
Gokotsu,85.0,50.0,85.0,15.0,50.0
pinkfloydchick64,73.0,20.0,69.0,10.0,85.0
Cipher_Zaabiz,4.0,61.0,25.0,30.0,54.0
diet_dr_kelp,90.0,94.0,78.0,4.0,39.0
LettersFromTheSky,89.0,59.0,95.0,7.0,43.0
Kicktoria,4.0,33.0,0.0,76.0,96.0
Crups,41.0,84.0,6.0,24.0,64.0
IndustrialSabotage,95.0,99.0,39.0,50.0,35.0
Jaamikohvik,53.0,69.0,88.0,80.0,4.0
thechattyshow,77.0,67.0,38.0,41.0,83.0
BubblesAndSass,91.0,84.0,80.0,74.0,25.0
MrEugeneKrab,5.0,30.0,9.0,89.0,77.0
PaperLink1,50.0,84.0,23.0,19.0,16.0
Quornslice,76.0,69.5,58.0,31.5,68.5
blank_zilla,32.0,69.0,52.0,53.0,67.0
justiceisrad,29.0,54.0,30.0,22.0,90.0
_lookausername_,50.0,80.0,26.0,75.0,76.0
givemecoffeee,17.0,71.0,1.0,98.0,0.0
whatareblackhole,40.0,74.0,90.0,98.0,1.0
multaritari,6.0,74.0,4.0,6.0,13.0
r131313,3.0,93.0,54.0,24.0,40.0
FirmGlutes,5.0,74.0,70.0,10.0,54.0
enitefis,5.0,87.0,11.0,82.0,19.0
britboy3456,22.0,5.0,57.0,47.0,17.0
Stratemagician,63.0,65.0,60.0,38.0,28.0
onion926,50.0,85.0,15.0,15.0,85.0
yuzualsuspect,71.0,71.0,3.0,20.0,99.0
Lastrevio,3.0,74.0,4.0,46.0,92.0
FarageIsHero,70.0,95.0,66.0,0.0,9.0
myexsparamour,17.0,92.0,35.0,97.0,40.0
athanaton,99.0,90.0,44.0,14.0,97.0
DontForceMe,0.0,7.0,98.0,5.0,13.0
sprankinator,47.0,5.0,79.0,26.0,99.0
Scott555,4.0,80.0,11.0,9.0,96.0
Silverlight42,9.0,61.0,13.0,4.0,72.0
fieldhome,34.0,96.0,3.0,50.0,40.0
Pilott3,63.0,94.0,41.0,1.0,1.0
heisgone,39.0,89.0,1.0,22.0,61.0
surupamaerl,0.0,91.0,8.0,25.0,26.0
Strongbhoy,96.0,,54.0,97.0,7.0
I_found_BACON,1.0,96.0,38.0,2.0,98.0
OrphanCripplerz,15.0,50.0,1.0,92.0,13.0
rrgjl,0.0,92.0,52.0,1.0,79.0
Pandoraswax,50.0,75.0,38.0,69.0,47.0
BadgerKid96,77.0,73.0,73.0,1.0,98.0
dirtychopsticks,5.0,30.0,59.0,14.0,86.0
Swarels,34.0,96.0,22.0,24.0,5.0
AndroidYumi,29.0,40.0,6.0,7.0,98.0
AuraofLight1,29.0,84.0,46.0,12.0,46.0
umlilo,1.0,99.0,93.0,53.0,3.0
Ryanw8282,21.0,96.0,72.0,62.0,72.0
RobotNormie,14.0,17.0,9.0,6.0,93.0
SeanArtist,91.0,84.0,21.0,30.0,63.0
mami51421,36.0,65.0,52.0,21.0,7.0
pungens,50.0,87.0,93.0,2.0,1.0
Dungeon567,88.0,79.0,65.0,48.0,71.0
desktopinsomniac,83.0,67.0,67.0,48.0,71.0
nitroos,90.0,0.0,10.0,2.0,17.0
turncloak471,6.0,91.0,88.0,15.0,4.0
Interested-Koala,18.0,5.0,1.0,1.0,98.0
ShockinglyAccurate,85.0,85.0,15.0,15.0,50.0
monotone_kid,50.0,85.0,15.0,50.0,85.0
Darkee33,6.0,84.0,9.0,18.0,93.0
WhyDoCatsBark,1.0,22.0,74.0,15.0,78.0
ColdOxygen,90.0,13.0,20.0,2.0,99.0
Abcmsaj,81.0,61.0,60.0,66.0,79.0
pyxlated,91.0,84.0,71.0,50.0,0.0
blub9753,77.0,45.0,3.0,18.0,54.0
ghatsim,3.0,74.0,35.0,6.0,40.0
dylpro97,0.0,61.0,8.0,98.0,1.0
PardonCharlotte,77.0,26.0,41.0,43.0,13.0
rockonrn,15.0,12.0,20.0,69.0,36.0
KayleighM,50.0,15.0,50.0,15.0,15.0
AGKS2017,0.0,80.0,5.0,37.0,68.0
lady_sable,29.0,87.0,23.0,1.0,95.0
Jes60917,34.0,13.0,43.0,37.0,67.0
eddiesoupspoon,80.0,84.0,15.0,88.0,90.0
menticide_,61.5,63.5,61.5,41.0,74.0
chewingmygum,3.0,74.0,35.0,92.0,5.0
momo_0201,90.0,89.0,20.0,4.0,96.0
amumumyspiritanimal,55.0,96.0,20.0,90.0,89.0
Danny1994m,20.0,30.0,15.0,38.0,25.0
sweaterbrau,10.0,84.0,94.0,18.0,66.0
iamnotthepita,51.5,73.0,37.5,56.0,57.5
ph0enix_1337,54.0,97.0,4.0,8.0,37.0
diamondsprinkles,40.0,,46.0,46.0,54.0
Keajralight,23.0,49.0,15.0,66.0,86.0
archetypaldream,34.0,57.0,94.0,62.0,25.0
freejosephk,53.0,96.0,61.0,74.0,64.0
belgianpancakes,93.0,73.0,38.0,12.0,82.0
EloquentSolitude,57.0,97.0,91.0,0.0,0.0
khurtd,3.0,88.0,60.0,54.0,10.0
luxetveritaas,11.0,98.0,66.0,57.0,53.0
Pizza_The_Hero,29.0,18.0,13.0,12.0,47.0
swampcatz,54.0,77.0,52.0,54.0,60.0
WhySoOverHeated,71.0,75.0,52.0,94.0,86.0
TacticalBeaner556,2.0,45.0,93.0,75.0,7.0
xanthraxoid,86.0,45.0,8.0,62.0,72.0
gracie1030,89.0,92.0,4.0,2.0,92.0
StressSoft,2.0,59.0,60.0,77.0,14.0
mu_bit,9.0,37.0,7.0,37.0,96.0
UltimaTaylor,15.0,69.0,92.0,80.0,58.0
McCackle,65.0,87.0,7.0,50.0,93.0
fromthepeace,25.0,69.0,69.0,13.0,62.0
Blehhh55,99.0,98.0,4.0,10.0,96.0
waffleinsomniac,10.0,60.0,50.0,10.0,50.0
AyyyLmaoB0ss,61.0,64.0,7.0,25.0,84.0
Deroni76,40.0,54.0,1.0,19.0,95.0
Format137_BossMode,79.0,59.0,89.0,19.0,54.0
Derse,75.0,72.5,67.5,40.0,25.0
disordercontrolagain,29.0,35.0,92.0,12.0,
Doeido,50.0,85.0,15.0,85.0,50.0
dapd4p,70.0,77.5,27.5,50.0,55.0
amuredem,57.0,97.0,17.0,77.0,96.0
haggardjesus,0.0,13.0,56.0,25.0,34.0
sha-neyney_e13,86.0,96.0,89.0,22.0,70.0
marcelaimmi,86.0,74.0,49.0,28.0,22.0
happygolily8,95.0,15.0,85.0,50.0,85.0
connaught45,1.0,74.0,75.0,18.0,92.0
Drake_Erif,34.0,19.0,82.0,16.0,6.0
Feka0815,39.0,89.0,31.0,57.0,2.0
SYO2017,39.0,94.0,63.0,31.0,69.0
SonOfWolves95,96.0,92.0,30.0,13.0,72.0
vipertongn,79.0,90.0,18.0,95.0,30.0
Kicker_986765,10.0,10.0,43.0,33.0,33.0
idkwhatnameshouldb,94.0,19.0,8.0,80.0,46.0
jdasilv,85.0,50.0,50.0,15.0,85.0
PotatoPeeler68,89.0,74.0,35.0,46.0,5.0
humbertov2,89.0,24.0,48.0,9.0,67.0
Featherwhisker,17.0,9.0,21.0,7.0,88.0
TheLastHayley,40.0,70.0,50.0,90.0,90.0
-yasu,93.0,30.0,40.0,12.0,67.0
ColinTheWicked,8.0,92.0,6.0,82.0,10.0
Serious1yJoking,23.0,34.0,28.0,5.0,25.0
buffalochickenwings,30.0,50.0,50.0,30.0,70.0
neibegafig,93.0,81.0,73.0,46.0,35.0
hhhheppy,71.0,53.0,17.0,3.0,31.0
WilsonJason,26.0,19.0,26.0,33.0,19.0
Herbert-Quain,50.0,50.0,9.0,22.0,27.0
Magnuax,8.0,37.0,27.0,11.0,98.0
j3Ryuma,6.0,54.0,82.0,49.0,12.0
joellllll,4.0,64.0,3.0,10.0,1.0
Hotel_Joy,77.0,71.0,8.0,0.0,86.0
streamenterer,85.0,85.0,50.0,50.0,5.0
dbabbitt,5.0,50.0,30.0,85.0,15.0
NoctisIgnem,30.0,85.0,50.0,50.0,50.0
quaerex,6.0,45.0,18.0,89.0,93.0
hetaeran,24.0,14.0,94.0,3.0,44.0
blancomeow,1.0,92.0,13.0,21.0,3.0
elusivite,50.0,85.0,15.0,50.0,15.0
butwhysir,45.0,61.0,8.0,73.0,92.0
JordanBPFan,53.0,68.0,54.0,53.0,71.0
IndependentMud,89.0,87.0,35.0,90.0,16.0
CLENVENMETINS,49.0,60.5,45.0,36.5,85.5
sheepsneck,0.0,94.0,85.0,53.0,76.0
FatPigeon,20.0,44.0,71.0,15.0,28.0
JaceOlsana,77.0,,4.0,38.0,36.0
islyfe,7.0,93.0,0.0,94.0,2.0
copper1106,3.0,94.0,0.0,28.0,84.0
oOblackrabittoOo,50.0,50.0,15.0,15.0,85.0
Elradrielia,91.0,,9.0,95.0,33.0
xen0ph0n,5.0,,92.0,76.0,85.0
kaqn,58.0,77.0,58.0,54.0,37.5
LeChubRub,92.0,98.0,0.0,25.0,57.0
Ardenbas,86.0,92.0,8.0,18.0,82.0
PM_me_dog_pictures,25.0,71.0,50.0,75.0,92.0
GigglestickII,89.0,88.0,85.0,92.0,3.0
werttrew,89.0,10.0,35.0,46.0,5.0
cnst,6.0,93.0,74.0,48.0,5.0
YESdude97,92.0,83.0,69.0,10.0,44.0
Mygoodies69,79.0,50.0,11.0,92.0,16.0
excitednarwhal,70.0,30.0,71.0,76.0,16.0
MrSexuality,93.0,19.0,94.0,5.0,75.0
DrIGGI,77.0,74.0,6.0,1.0,67.0
Black_Elements,6.0,19.0,35.0,10.0,80.0
Fishbone_V,24.0,65.0,7.0,9.0,23.0
ienfj,50.0,47.0,58.0,22.0,93.0
Simcurious,93.0,84.0,10.0,86.0,3.0
peacestream,32.0,49.0,11.0,63.0,88.0
Thelochnesscumslut,97.0,69.0,35.0,49.0,9.0
faissaloo,6.0,74.0,75.0,59.0,29.0
Strength_from_Within,85.0,15.0,85.0,15.0,15.0
downsouth,57.0,20.0,74.0,18.0,55.0
vladmir-poopin,5.0,95.0,5.0,95.0,30.0
nightpatrolcat,87.0,91.0,52.0,10.0,76.0
demoran,50.0,50.0,50.0,15.0,15.0
bnzss,61.0,53.0,18.0,44.0,42.0
luciddreamsindigital,8.0,85.0,31.0,2.0,97.0
LukePhaneuf,79.0,,6.0,6.0,90.0
OisinDebard,87.0,86.0,0.0,13.0,83.0
annafirtree,19.0,37.0,11.0,19.0,82.0
oj109,45.0,92.0,54.0,62.0,9.0
staaamos,44.0,83.0,40.0,58.0,58.0
Marina_Oswald,68.0,71.0,8.0,2.0,76.0
mallorydelanoy,15.0,50.0,50.0,50.0,50.0
getting_better_man,11.0,38.0,8.0,16.0,98.0
voldemortslayer,91.0,92.0,29.0,70.0,75.0
ShrinkingWild,11.0,64.0,0.0,0.0,16.0
Psiden,4.0,44.0,44.0,85.0,4.0
Kranaros,0.0,83.0,23.0,12.0,13.0
itsameitsamario,45.0,87.0,23.0,7.0,76.0
chancehappeneth,9.0,32.0,95.0,8.0,80.0
dc_1984,26.0,87.0,69.0,50.0,82.0
BookOfMoons,0.0,98.0,41.0,63.0,26.0
mamblerbambler,1.0,72.0,61.0,13.0,43.0
fer-nie,9.0,64.0,39.0,30.0,40.0
frane_1987,54.0,53.0,31.0,89.0,67.0
TheYolk,65.0,40.0,80.0,17.0,63.0
sprankton,12.0,84.0,46.0,8.0,93.0
VioletThunderX,65.0,64.0,82.0,30.0,40.0
Sinthemoon,39.0,56.0,46.0,52.0,52.0
the_depth_of_self,15.0,68.0,66.0,37.0,36.0
curryhalls,1.0,54.0,5.0,0.0,95.0
_pharaoh,52.0,54.0,9.0,5.0,81.0
D3SX,17.0,44.0,18.0,18.0,13.0
Pepebambuu,76.0,93.0,51.0,40.0,57.0
Tehsarcassiccanadian,24.0,45.0,25.0,24.0,67.0
aberthin,81.0,17.0,18.0,38.0,9.0
M4ngogh,2.0,90.0,8.0,49.0,25.0
Isrslylikecutegirls,11.0,17.0,88.0,6.0,7.0
Mamyu,4.0,92.0,83.0,37.0,1.0
mrgriffin88,78.0,58.0,83.0,53.0,38.0
KAWUrban,75.0,44.0,18.0,79.0,26.0
rad5gbbr,5.0,85.0,7.0,4.0,90.0
googlyeyespy,2.0,85.0,2.0,86.0,30.0
CoryTV,2.0,95.0,2.0,74.0,22.0
shocklax24,7.0,33.0,87.0,87.0,33.0
anmille3,73.0,0.0,74.0,17.0,91.0
afronoodles,8.0,61.0,15.0,85.0,16.0
TheInfernalRain,12.0,72.0,1.0,1.0,98.0
Dream_Cancel,20.0,69.0,62.0,19.0,10.0
illegalmonkey,34.0,69.0,88.0,22.0,19.0
Jeis75,24.0,61.0,2.0,12.0,44.0
holdoncaulfield,50.0,80.0,39.0,19.0,9.0
MichaelKeaton,6.0,50.0,96.0,9.0,9.0
harrytrumanprimate,9.0,19.0,16.0,5.0,44.0
BlackBourgeoisBat,10.0,54.0,73.0,22.0,14.0
nextstopisheaven,21.0,8.0,65.0,3.0,32.0
Ras-Algethi,95.0,84.0,1.0,91.0,24.0
Fameroni,11.0,40.0,65.0,33.0,9.0
bwicesoldier,88.0,72.0,53.0,4.0,48.0
isismacdonald,73.0,74.0,2.0,31.0,95.0
drtreadwater,0.0,57.0,13.0,18.0,3.0
The_Successful_Loser,51.0,74.0,92.0,9.0,40.0
Xaielao,78.0,57.0,38.0,31.0,10.0
Kazejin0,70.0,33.0,46.0,6.0,33.0
linkedlister,36.0,36.0,38.0,13.0,0.0
SunnyLumos,95.0,90.0,76.0,33.0,22.0
itsacandydishned,46.0,71.0,75.0,88.0,3.0
Zulgyan,26.0,91.0,8.0,57.0,44.0
treeface99,8.0,80.0,3.0,6.0,98.0
xplosiveoctopus,0.0,34.0,0.0,91.0,99.0
Terranoso,93.0,47.0,65.0,5.0,46.0
Aleksandra1128,3.0,84.0,9.0,62.0,46.0
jaazmiineee,50.0,50.0,15.0,50.0,85.0
Alejor307,34.0,17.0,18.0,30.0,58.0
Tetrapolar,58.0,88.0,8.0,38.0,72.0
zimzat,34.0,50.0,87.0,6.0,82.0
RubenSpyck,3.0,80.0,7.0,95.0,53.0
Mr_IamNotGandalf,23.0,91.0,59.0,82.0,34.0
Rixe,51.5,50.5,53.0,54.0,65.0
Suzarain,65.0,59.0,46.0,6.0,76.0
collegemathchef,57.0,95.0,87.0,94.0,10.0
mynameissarah,89.0,84.0,97.0,58.0,58.0
ignitethephoenix,23.0,17.0,70.0,9.0,89.0
jagger72643,83.0,87.0,9.0,24.0,61.0
christinaf25,20.0,80.0,50.0,30.0,40.0
Feresto,55.0,17.0,11.0,33.0,80.0
Yuluyie,78.0,20.0,50.0,21.0,37.0
vyvyan86,54.0,84.0,74.0,21.0,37.0
Curt04,0.0,88.0,73.0,3.0,78.0
Ricardus84,34.0,92.0,25.0,35.0,72.0
stoneboulder,50.0,87.0,46.0,59.0,62.0
Stoic-Mentat,50.0,85.0,85.0,15.0,85.0
NoPyroNoParty,99.0,71.0,80.0,10.0,47.0
PackmanKnight,29.0,76.0,48.0,8.0,99.0
irlhomosapien,67.0,61.0,1.0,83.0,0.0
Smart-Monkey,79.0,92.0,30.0,11.0,70.0
BlackendLight,0.0,94.0,98.0,92.0,0.0
Poppysprose,26.0,,13.0,30.0,90.0
Verdantshade,29.0,80.0,8.0,12.0,80.0
digitallama,74.0,90.0,60.0,22.0,84.0
Quillscale,3.0,10.0,35.0,2.0,92.0
kalvinescobar,24.0,55.0,24.0,6.0,35.0
BrokenGlassSparkling,74.0,37.0,84.0,17.0,27.0
WeAreZero,3.0,10.0,15.0,3.0,94.0
Lifeisfallingapart,65.0,61.0,8.0,4.0,98.0
Duganmaster,35.0,90.0,1.0,92.0,91.0
l23VIVE,71.0,89.0,13.0,98.0,41.0
marulken,5.0,68.0,8.0,69.0,36.0
InfluxWaver,50.0,96.0,20.0,1.0,5.0
sunflower-power,23.0,16.0,44.0,35.0,35.0
indignantdivinity,15.0,95.0,85.0,95.0,5.0
ayres88,0.0,37.0,75.0,88.0,2.0
barmaleo,6.0,30.0,13.0,9.0,75.0
AbstractStateMachine,80.0,92.0,25.0,84.0,78.0
YaseenNoorani,0.0,20.0,15.0,22.0,6.0
chubirubi,15.0,88.0,11.0,70.0,54.0
PM_ME_UR_1ITIS_SNAP,85.0,15.0,85.0,15.0,15.0
Z-DUBs,74.0,45.0,20.0,25.0,25.0
Vulcan-Seth,29.0,96.0,18.0,12.0,16.0
boombotser,28.0,91.0,32.0,17.0,6.0
chinesefud,6.0,57.0,83.0,49.0,22.0
AmazonExplorer,20.0,45.0,28.0,1.0,82.0
jibbern,29.0,64.0,80.0,31.0,9.0
Kuerbel,10.0,80.0,20.0,10.0,70.0
ab1138,35.0,18.0,0.0,50.0,94.0
jdlee3,70.0,84.0,25.0,38.0,88.0
lindsayweird,60.0,90.0,0.0,60.0,80.0
Lady_Madonna_x6,63.0,32.0,47.0,49.0,7.0
mymy_316,86.0,69.0,65.0,24.0,29.0
prinned,17.0,54.0,8.0,33.0,46.0
RH1N0GE,58.0,96.0,90.0,88.0,2.0
RoryRad,95.0,71.0,62.0,22.0,32.0
bjilly,80.0,70.0,60.0,30.0,80.0
philosophicalENTP,7.0,78.0,8.0,56.0,46.0
Jell-oHammer,85.0,85.0,50.0,15.0,50.0
seztomabel,53.0,57.0,25.0,46.0,32.0
SentientCat,43.0,92.0,31.0,94.0,50.0
Subs-man,86.0,45.0,25.0,59.0,67.0
Guatama,88.0,76.0,0.0,1.0,80.0
borgesvpm,57.0,80.0,88.0,3.0,90.0
Socrates666,50.0,85.0,15.0,15.0,50.0
Craig,10.0,90.0,60.0,20.0,50.0
recursive_logic,10.0,70.0,58.0,4.0,43.0
LearningMan,6.0,8.0,99.0,90.0,0.0
BethyBell,95.0,85.0,50.0,5.0,95.0
batteredalmond,18.0,88.0,10.0,30.0,50.0
choquito,15.0,87.0,35.0,4.0,73.0
Hearty-Ventricle,30.0,74.0,78.0,7.0,22.0
defacto77,9.0,74.0,76.0,37.0,80.0
WoodpeckerNo1,12.0,7.0,18.0,10.0,84.0
Calstifer,54.0,54.0,71.0,86.0,86.0
RedPillSafe,6.0,55.0,25.0,90.0,13.0
bes753,9.0,74.0,54.0,90.0,43.0
eiznekk,70.0,64.0,5.0,5.0,95.0
gretchumuchu,2.0,97.0,83.0,1.0,4.0
jediknight,85.0,92.0,15.0,57.0,20.0
Ishtarrr,0.0,85.0,8.0,96.0,0.0
ghost_passenger,34.0,35.0,49.0,7.0,82.0
aLauraPalmerType,34.0,84.0,11.0,40.0,80.0
flying_mantiss,7.0,40.0,23.0,2.0,30.0
dani55555,13.0,1.0,5.0,1.0,99.0
goodusername,10.0,10.0,74.0,37.0,76.0
CoolGuySteve,10.0,92.0,1.0,54.0,1.0
SparklyRedLightsaber,0.0,78.0,1.0,97.0,39.0
EvilMEMEius,9.0,24.0,93.0,90.0,2.0
YuberiTii,0.0,95.0,1.0,22.0,22.0
beastgp,65.0,87.0,39.0,72.0,90.0
chosenwan,93.0,74.0,21.0,98.0,75.0
SharFinn,65.0,96.0,83.0,77.0,44.0
Yuyuy75,8.0,9.0,9.0,5.0,94.0
Enthalpy00,70.0,98.0,80.0,15.0,62.0
Framedin,9.0,19.0,46.0,37.0,4.0
googolplexbyte,83.0,5.0,63.0,30.0,44.0
mynameistoo_common,40.0,37.0,7.0,10.0,90.0
joylukclub,23.0,40.0,80.0,10.0,95.0
vitrael2,26.0,98.0,75.0,93.0,29.0
Excited4ButtStuff,10.0,40.0,95.0,72.0,6.0
socio_j,64.0,68.0,48.0,34.0,88.0
Midnightarmadillo,10.0,30.0,20.0,20.0,60.0
TheSean85,8.0,74.0,8.0,3.0,88.0
Ratsalt,13.0,37.0,28.0,28.0,88.0
__apple__,15.0,37.0,63.0,82.0,6.0
stephonrobert,79.0,96.0,87.0,62.0,9.0
jedlickace,43.0,90.0,1.0,12.0,96.0
Ramacdo,20.0,97.0,0.0,1.0,3.0
Zig_dan,30.0,68.0,26.0,11.0,49.0
SwitchToDecaf,60.0,55.0,64.0,14.0,49.0
loversalibi,91.0,90.0,91.0,27.0,63.0
Ithilielk,85.0,85.0,50.0,50.0,85.0
gentlemanliness1,87.0,57.0,75.0,72.0,13.0
littlelightningbug,99.0,99.0,44.0,3.0,97.0
sircatherine,96.0,91.0,23.0,43.0,56.0
pm_me_dog_picz,24.0,50.0,16.0,8.0,93.0
PhoenixSmasher,2.0,87.0,10.0,98.0,36.0
i_have_a_gub,43.0,75.0,68.0,1.0,82.0
arrangementscanbemad,85.0,85.0,85.0,50.0,15.0
microboredom,34.0,40.0,9.0,46.0,96.0
lavenderped,65.0,74.0,46.0,9.0,89.0
TheAmazingPeanut1,85.0,50.0,23.0,53.0,74.0
tricupcake,10.0,70.0,30.0,20.0,50.0
Falling_Spaces,6.0,16.0,22.0,2.0,95.0
thisisntatestaccount,98.0,94.0,96.0,47.0,70.0
morningchuu,67.0,15.0,93.0,32.0,29.0
SkincareQuestions10,74.0,96.0,17.0,96.0,47.0
margobisbee,34.0,45.0,22.0,0.0,1.0
Kreindeker,98.0,75.0,53.0,66.0,1.0
Gnawgie,8.0,98.0,87.0,16.0,92.0
SociopathicPeanut,3.0,50.0,49.0,46.0,27.0
MonsieurA,55.0,50.0,23.0,26.0,87.0
ElaineofAstolat,12.0,10.0,20.0,1.0,49.0
camelliapard,89.0,74.0,92.0,6.0,5.0
shihubsky,26.0,95.0,5.0,69.0,95.0
kaoruwang,80.0,69.0,11.0,69.0,34.0
thekindlyman555,70.0,26.0,61.0,16.0,5.0
Whiskeyjack1989,24.0,61.0,25.0,16.0,82.0
3062226abcd,47.0,50.0,57.0,1.0,99.0
epidemicflooddownwar,41.0,26.0,80.0,43.0,13.0
P3ltsi,73.0,3.0,83.0,6.0,49.0
Passiflora93,46.0,80.0,1.0,97.0,91.0
joantheunicorn,57.0,80.0,86.0,79.0,55.0
jarjarguy,44.0,86.0,8.0,6.0,81.0
FierceHamster,57.5,40.0,60.0,25.0,30.0
Rlack,8.0,97.0,61.0,19.0,67.0
s_altz,15.0,15.0,50.0,15.0,85.0
fhqiwakjlnsd,15.0,15.0,85.0,15.0,85.0
hunter232,24.0,35.0,35.0,22.0,64.0
garglemyload,60.0,83.0,85.0,58.0,40.0
heavygenesis,54.0,99.0,83.0,89.0,5.0
dashing-rainbows,,30.0,11.0,0.0,
neverknow890,50.0,95.0,5.0,95.0,95.0
HellsAttack,49.0,9.0,88.0,21.0,41.0
latino_heat420,54.0,93.0,0.0,0.0,95.0
communistkiro,12.0,15.0,88.0,4.0,52.0
Shiverlynn,65.0,50.0,35.0,2.0,82.0
Jyana,60.0,98.0,42.0,39.0,70.0
feedmewords,81.0,30.0,85.0,18.0,82.0
Yoshinoko,50.0,80.0,65.0,54.0,40.0
Vuz4n,50.0,85.0,15.0,15.0,50.0
Dangalf-,20.0,94.0,15.0,7.0,13.0
loccocpoc,98.0,45.0,69.0,5.0,97.0
jpetersonthrowaway,0.0,98.0,49.0,91.0,61.0
HellhoundsOnMyTrail,85.0,85.0,15.0,15.0,85.0
WittyOriginalName,15.0,85.0,15.0,85.0,15.0
ourlegacy,18.0,11.0,1.0,5.0,50.0
bird_up,1.0,49.5,52.5,66.5,43.0
mickhoran,68.0,95.0,72.0,94.0,36.0
FonsoTheWhitesican,85.0,,90.0,0.0,32.0
Khazandr,60.0,10.0,49.0,12.0,89.0
alexwagbo,18.0,15.0,36.0,1.0,1.0
mrchamphugeballs,4.0,71.0,23.0,31.0,91.0
Irstas_sika,26.0,98.0,10.0,37.0,13.0
Tilas,13.0,8.0,61.0,1.0,85.0
gettingawayfromthesp,64.0,77.0,49.0,42.0,76.0
jmair,91.0,30.0,97.0,6.0,15.0
savocado,17.0,9.0,35.0,25.0,84.0
femmecheng,95.0,52.0,97.0,1.0,2.0
RoboHasi,50.0,84.0,30.0,53.0,43.0
_Theil,65.0,80.0,3.0,5.0,73.0
okusernamed,52.0,70.0,38.0,68.0,31.0
GlobalSilver123,1.0,0.0,32.0,1.0,87.0
jasper2428,45.0,68.0,25.0,42.0,
Autodidact420,84.0,93.0,16.0,62.0,13.0
Moprollems,58.0,9.0,44.0,74.0,25.0
polskibyproxy,18.0,95.0,87.0,4.0,98.0
Phase--2,87.0,57.0,69.0,10.0,47.0
jcashore1,57.0,99.0,11.0,16.0,61.0
HOW_HARD_ROCK_HARD,6.0,38.0,20.0,5.0,84.0
Cynaria,83.0,91.0,15.0,13.0,94.0
AverageJoeflake,87.0,93.0,20.0,5.0,96.0
washin_machine,1.0,61.0,3.0,4.0,99.0
Fisktron,22.0,70.0,74.0,18.0,7.0
CrushHazard,7.0,45.0,9.0,80.0,3.0
FuckTheSooners,3.0,92.0,4.0,97.0,1.0
Love_Em,4.0,57.0,86.0,82.0,25.0
rainzer,93.0,55.0,9.0,2.0,71.0
SaloL,17.0,50.0,8.0,0.0,9.0
Human_Paladin,55.0,98.0,95.0,60.0,15.0
ParadoxAnarchy,46.0,86.0,94.0,8.0,16.0
stayquiet1225,65.0,61.0,25.0,1.0,98.0
majamba20,61.0,97.0,0.0,66.0,67.0
Sharpes_Sword,93.0,91.0,96.0,4.0,21.0
ftpgshow,57.0,93.0,92.0,22.0,87.0
wonderfulshoes,75.0,19.0,8.0,58.0,63.0
cryoK,13.0,28.0,30.0,3.0,72.0
sir_deadlock,15.0,85.0,15.0,50.0,85.0
leeceia,79.0,30.0,5.0,33.0,29.0
ceader,15.0,96.0,83.0,59.0,86.0
snx1337,80.0,37.0,1.0,66.0,34.0
antoineks,3.0,83.0,35.0,34.0,13.0
ThatThingInTheCorner,83.0,52.0,38.0,5.0,99.0
Sageless,1.0,91.0,1.0,34.0,99.0
Nova11,27.0,61.0,15.0,95.0,5.0
lostFate95,11.0,,41.0,10.0,4.0
Szartsky,86.0,80.0,11.0,54.0,1.0
sublime_warthog,11.0,50.0,10.0,4.0,61.0
lvbzz,45.0,74.0,13.0,1.0,5.0
ringersnthefold,65.0,,13.0,53.0,87.0
ltohang,0.0,64.0,0.0,20.0,98.0
RustySup,29.0,20.0,25.0,5.0,64.0
xangria,91.0,57.0,65.0,22.0,40.0
RevolutionaryEbb,18.0,20.0,81.0,13.0,13.0
aadams0607,21.0,50.0,11.0,18.0,29.0
Nosiege,,74.0,92.0,46.0,40.0
IVarTh3boneless,23.0,37.0,31.0,0.0,50.0
5426742,28.0,88.0,63.0,14.0,98.0
Incaendo,54.0,85.0,25.0,0.0,50.0
Nematophyton,26.0,75.0,20.0,25.0,59.0
CrateredMoon,10.0,78.0,16.0,30.0,36.0
FusRoDan,20.0,61.0,7.0,54.0,19.0
esqualatch12,58.0,3.0,35.0,6.0,92.0
Gaius_Octavius,57.0,95.0,25.0,98.0,1.0
egj21,29.0,91.0,25.0,72.0,53.0
pokeplun,81.0,43.0,50.0,22.0,63.0
BigMcK_,32.0,69.0,34.0,0.0,4.0
christianlikeswhite,89.0,96.0,18.0,62.0,80.0
factorum,85.0,50.0,15.0,70.0,30.0
GloriousAchievements,15.0,85.0,15.0,85.0,85.0
laidymondegreen,91.0,61.0,21.0,42.0,32.0
Halosonic,96.0,74.0,90.0,97.0,9.0
Lowego408,80.0,57.0,72.0,96.0,2.0
lordoftheslums,41.0,70.0,48.0,59.0,51.0
VowelmanIscariot,32.0,51.0,4.0,27.0,99.0
Roonweld,11.0,80.0,49.0,43.0,61.0
CptHomer,34.0,50.0,49.0,51.0,7.0
PlasticMan17,11.0,78.0,63.0,89.0,9.0
PixelDust151,17.0,30.0,7.0,8.0,92.0
virgule,15.0,64.0,1.0,53.0,59.0
rectiddly,2.0,61.0,3.0,14.0,9.0
roadtonormalcy,86.0,78.0,7.0,95.0,33.0
Joshyybaxx,1.0,57.0,25.0,96.0,6.0
HalfAlienRobot,26.0,74.0,25.0,24.0,80.0
fwipojr,80.0,91.0,25.0,20.0,48.0
chinookk,50.0,69.0,31.0,52.0,31.0
immortaldiamond,95.0,90.0,87.0,3.0,95.0
huntyphobic,15.0,37.0,15.0,19.0,58.0
ce5b,86.0,94.0,0.0,89.0,62.0
-CrestiaBell,50.0,85.0,50.0,85.0,50.0
CLEMENTZ_,26.0,96.0,4.0,6.0,43.0
barbellbunnyj,13.0,83.0,23.0,31.0,97.0
RiverFlowingUp,35.0,91.0,3.0,90.0,25.0
-fwer,46.0,27.0,31.0,10.0,84.0
LightNessITA,0.0,45.0,0.0,9.0,88.0
eclecticnovice,33.0,73.0,1.0,18.0,1.0
EntrepreneurHughes,99.0,94.0,5.0,32.0,0.0
AtlasPSD,29.0,96.0,90.0,89.0,1.0
doctorbull,98.0,99.0,5.0,4.0,96.0
MetricExpansion,30.0,70.0,15.0,15.0,50.0
Fshatare,46.0,80.0,10.0,7.0,61.0
lokobang,41.0,17.0,18.0,2.0,72.0
bookbee3,89.0,50.0,4.0,82.0,32.0
xzisium,21.0,9.0,18.0,7.0,56.0
stellar_anomaly,97.0,84.0,4.0,13.0,26.0
guiltykissu,21.0,69.0,1.0,0.0,37.0
Scarcer,26.0,59.0,43.0,77.0,21.0
DoctorMolotov,87.0,82.0,37.0,26.0,24.0
notsostrong,12.0,40.0,8.0,19.0,73.0
gnoppa,11.0,96.0,59.0,77.0,9.0
ViperSRT3g,45.0,69.0,26.0,0.0,28.0
litlebrownowl,4.0,70.0,35.0,18.0,32.0
allisonpinklp,15.0,80.0,80.0,22.0,32.0
rebelrob0t,45.0,88.0,5.0,67.0,48.0
The-Constable,95.0,95.0,70.0,50.0,5.0
ReggaYegga,46.0,17.0,16.0,26.0,85.0
ahhwoodrow,41.0,43.0,44.0,14.0,17.0
RiaanZoetmulder,55.0,63.0,90.0,73.0,10.0
detsal,70.0,74.0,35.0,28.0,67.0
rainbowhotpocket,15.0,15.0,85.0,85.0,50.0
Bliss86,70.0,34.0,18.0,58.0,9.0
VisualFog,23.0,45.0,49.0,6.0,58.0
YoungMackers,2.0,96.0,78.0,34.0,1.0
elvesarecool,0.0,71.0,4.0,18.0,59.0
heloxcall,4.0,1.0,1.0,20.0,99.0
StyreotypicalLurker,98.0,78.0,18.0,8.0,47.0
TheSmokeyLemon,34.0,57.0,11.0,46.0,44.0
TrulyOdd1,40.0,14.0,25.0,90.0,6.0
desbest,8.0,50.0,75.0,97.0,32.0
newfor18,46.0,41.0,8.0,46.0,96.0
MABfan11,50.0,85.0,50.0,15.0,50.0
tacosinmypocket,15.0,13.0,20.0,20.0,80.0
Chevsapher,60.0,64.0,60.0,19.0,97.0
chaosking121,38.0,,35.0,26.0,98.0
FlutterRage1000,41.0,61.0,44.0,22.0,32.0
CaptainDudeGuy,15.0,95.0,85.0,15.0,5.0
TrixieBastard,95.0,41.0,0.0,27.0,36.0
ghaering,90.0,45.0,49.0,10.0,10.0
Ajubbajub,63.0,88.0,58.0,62.0,5.0
LADataJunkie,20.0,70.0,50.0,10.0,90.0
amberamberamber,5.0,8.0,19.0,97.0,15.0
lemonpielove,70.0,17.0,84.0,7.0,80.0
dimitrym,39.0,45.0,66.0,69.0,80.0
clevercurator,81.0,61.0,60.0,30.0,25.0
quiapossevidentur,77.0,61.0,83.0,34.0,18.0
Cuandoman,0.0,27.0,31.0,14.0,5.0
naiveLabAssistant,34.0,57.0,54.0,35.0,29.0
NurseINeed40CCs,37.0,74.0,41.0,20.0,94.0
Jopalopa,8.0,45.0,13.0,14.0,49.0
ArceusBlitz,29.0,40.0,6.0,8.0,73.0
taobm,29.0,80.0,35.0,88.0,74.0
nbfdmd,3.0,52.0,0.0,6.0,98.0
jothamvw,86.0,1.0,15.0,1.0,98.0
PartyGuyNo,34.0,87.0,9.0,24.0,87.0
selfreflectpls,70.0,10.0,49.0,77.0,49.0
chr1531n3,1.0,79.0,1.0,98.0,1.0
OKELEUK,66.0,99.0,1.0,49.0,99.0
Blitz179,93.0,34.0,9.0,15.0,75.0
Sorcatarius,65.0,54.0,67.0,58.0,21.0
jeffwak906,94.0,53.0,89.0,37.0,14.0
-BlitzN9ne,50.0,85.0,15.0,50.0,30.0
-tactical-throw-away,2.0,92.0,31.0,60.0,53.0
RasputinsButtBeard,80.0,67.0,60.0,53.0,11.0
NightlyY2Kdelight,5.0,45.0,11.0,5.0,
nobodyyoullremember,6.0,9.0,13.0,3.0,94.0
lolomgwtfbbqq,0.0,11.0,93.0,5.0,1.0
Stainedview13,6.0,89.0,56.0,47.0,84.0
behen-ji,3.0,99.0,27.0,7.0,2.0
Lancet,85.0,85.0,50.0,15.0,85.0
CaymanFifth,58.0,8.0,18.0,4.0,94.0
Allie1113,15.0,15.0,50.0,15.0,85.0
Skreex,21.0,20.0,80.0,49.0,18.0
Glugnarr,14.0,34.0,11.0,62.0,4.0
overscore_,34.0,37.0,30.0,33.0,6.0
not_thrilled,53.0,38.0,80.0,28.0,44.0
katinahat,41.0,31.0,95.0,3.0,13.0
xiansantos,50.0,85.0,85.0,50.0,50.0
notaloop,44.0,60.0,50.0,40.0,48.0
memberZero_,15.0,85.0,50.0,50.0,15.0
DarthHedonist,89.0,74.0,,6.0,92.0
jessefscott,79.0,20.0,83.0,18.0,60.0
Fatbot555,75.0,19.0,18.0,54.0,28.0
Murray_RandBard,9.0,85.0,35.0,66.0,26.0
Alfred_Marshall,73.0,51.0,98.0,47.0,61.0
SassyLibrarianGoesSh,58.0,77.0,67.0,79.0,67.0
fuzzybugs,69.0,41.0,35.0,7.0,43.0
Berkky_,26.0,96.0,28.0,75.0,24.0
Doc_Mharti,1.0,34.0,64.0,1.0,17.0
ShittyMcShitbreath,84.0,95.0,91.0,77.0,62.0
Blatti,85.0,85.0,15.0,15.0,95.0
crustycroutons,91.0,88.0,9.0,35.0,68.0
Laafheid,35.0,89.0,2.0,66.0,80.0
EpicDarkrai491,78.0,62.0,61.0,15.0,38.0
Gwynnether,70.0,74.0,18.0,30.0,63.0
vanslammer,49.0,83.0,14.0,44.0,47.0
ChestNutSon,94.0,89.0,28.0,0.0,44.0
kirby31200,29.0,50.0,8.0,37.0,94.0
Animated_Imagination,89.0,74.0,79.0,73.0,48.0
theedgeofcool,54.0,95.0,32.0,8.0,77.0
Baron_Benite,88.0,1.0,9.0,3.0,89.0
mgn111,29.0,,6.0,54.0,11.0
dank4tao,17.0,89.0,7.0,80.0,39.0
ValetGirls,19.0,74.0,49.0,89.0,43.0
Bendariaku89,9.0,69.0,23.0,59.0,80.0
Ghost-Music,50.0,74.0,6.0,9.0,89.0
Soggy_Biscuit_,77.0,61.0,22.0,59.0,19.0
deviantmoomba,88.0,80.0,41.0,82.0,91.0
We_are_out_of_nopes,6.0,17.0,85.0,27.0,82.0
igivefreetickles,53.0,90.0,35.0,83.0,50.0
b3g8fk3,15.0,50.0,15.0,15.0,85.0
Trance2Dubstep,8.0,30.0,41.0,30.0,54.0
slayerOfDangerNoodle,85.0,85.0,85.0,50.0,95.0
violet_fire,98.0,12.0,98.0,0.0,52.0
Altiondsols,92.0,87.0,9.0,9.0,94.0
KopiTheKitten,23.0,96.0,46.0,22.0,12.0
Brewingupabrownstorm,54.0,92.0,80.0,84.0,90.0
Q1189998819991197253,9.0,59.0,5.0,53.0,87.0
DSMan195276,99.0,73.0,31.0,8.0,73.0
lonely_ren,28.0,69.0,22.0,6.0,85.0
jackrabbitslims,75.0,24.0,21.0,18.0,19.0
Julayyy,68.0,30.0,8.0,95.0,16.0
OrangeCatapult20,41.0,63.0,6.0,2.0,26.0
microinfluencer,26.0,96.0,96.0,50.0,76.0
Smilemoreplz,9.0,85.0,52.0,40.0,1.0
crom-dubh,70.0,65.0,61.0,14.0,80.0
Claided,65.0,92.0,9.0,82.0,44.0
cryphus,40.0,69.0,6.0,77.0,80.0
Itsnotadeathglare,8.0,45.0,72.0,1.0,6.0
Poropopper,34.0,21.0,82.0,74.0,20.0
PetarKing,17.0,35.0,88.0,70.0,9.0
Dre4deau,23.0,37.0,41.0,57.0,61.0
tplank44,17.0,3.0,92.0,6.0,5.0
Avonite,82.0,9.0,35.0,1.0,82.0
polyglon,38.0,64.0,14.0,1.0,86.0
FJackSteel,92.0,90.0,91.0,98.0,34.0
KillaMarci,15.0,15.0,15.0,15.0,85.0
CrimsonSmear,77.0,80.0,8.0,8.0,44.0
BlackCombos,97.0,99.0,14.0,57.0,41.0
UnsaturatedSolution,1.0,74.0,4.0,6.0,92.0
dum_dum_boy,3.0,91.0,0.0,7.0,84.0
Casconvacc,0.0,68.0,87.0,20.0,10.0
cklampe,87.0,37.0,28.0,0.0,76.0
anon2lol,9.0,55.0,71.0,42.0,4.0
Foolishfly,,57.0,18.0,82.0,11.0
yeerks,62.0,81.0,73.0,56.0,65.0
Ivan_1073,50.0,85.0,50.0,15.0,50.0
Fullmentalanarchist,46.0,91.0,0.0,14.0,13.0
sparklingwaterblub,13.0,6.0,2.0,0.0,98.0
FollowJesus2Live,32.0,27.0,95.0,14.0,13.0
Composer1989,65.0,69.0,3.0,3.0,78.0
daelyte,12.0,84.0,7.0,53.0,54.0
Dmanadatory,95.0,97.0,54.0,98.0,6.0
amymonae,89.0,74.0,,92.0,5.0
dndnerd42,14.0,75.0,98.0,1.0,82.0
visarga,57.0,90.0,21.0,15.0,43.0
blinfy,57.0,64.0,45.0,2.0,11.0
IAmMalkira,15.0,94.0,0.0,50.0,96.0
MovingClocks,79.0,99.0,8.0,23.0,74.0
Rainbow-Spite,67.0,84.0,40.0,42.0,7.0
alex_steppenwolf,50.0,53.0,1.0,5.0,87.0
xLev_,11.0,16.0,38.0,42.0,43.0
SamURLJackson,1.0,37.0,57.0,17.0,67.0
Corspin,3.0,87.0,94.0,9.0,7.0
DarkHesperus,0.0,38.0,48.0,11.0,26.0
Baxter0402,15.0,61.0,7.0,16.0,93.0
bitchassshortie,4.0,43.0,91.0,18.0,0.0
philoso-sniper,0.0,75.0,49.0,47.0,76.0
benjamoo,93.0,61.0,9.0,35.0,80.0
EbolaNF,23.0,69.0,39.0,78.0,43.0
Xipu,74.0,95.0,11.0,94.0,0.0
DesperateMaintenance,77.0,98.0,78.0,20.0,34.0
_RoryKW,50.0,85.0,85.0,50.0,85.0
Clayton66,80.0,95.0,69.0,14.0,6.0
muaddib1406,41.0,26.0,35.0,5.0,72.0
Captain_ZachSparrow,81.0,88.0,40.0,93.0,1.0
Splide,86.0,90.0,20.0,90.0,26.0
noctiluca8,8.0,61.0,92.0,94.0,36.0
Primer81,91.0,51.0,26.0,0.0,74.0
justanotherusername4,74.0,90.0,43.0,14.0,87.0
guppy221,19.0,37.0,46.0,82.0,5.0
doabarrelrolllll,3.0,17.0,0.0,0.0,46.0
thepathofreason,35.0,85.0,35.0,66.0,6.0
rationality404error,32.0,80.0,21.0,82.0,59.0
permaculture,44.0,65.0,64.0,18.0,55.0
Threctic,50.0,90.0,15.0,15.0,90.0
Maniacsurvivor,68.0,37.0,52.0,72.0,6.0
fish_fishy,21.0,17.0,16.0,24.0,88.0
NontranslationalZeus,17.0,45.0,0.0,14.0,3.0
PushTheButton_FranK,18.0,40.0,0.0,11.0,93.0
BJabs,17.0,19.0,90.0,54.0,7.0
Embarrassed_Delay,67.0,63.0,22.0,17.0,82.0
d4m1t,34.0,84.0,5.0,82.0,27.0
lychee_ow,92.0,76.0,35.0,27.0,94.0
Movinoninits,23.0,89.0,25.0,75.0,80.0
Sunanas,17.0,50.0,88.0,76.0,5.0
santasmic,84.0,1.0,0.0,69.0,
ChanceTheFoxxo,100.0,60.0,19.0,30.0,40.0
DanSoulKnight,46.0,45.0,20.0,16.0,87.0
Paraloser,17.0,74.0,35.0,6.0,40.0
AmericanRed91,15.0,15.0,50.0,15.0,85.0
srarman,95.0,97.0,78.0,6.0,88.0
Talressen,21.0,61.0,8.0,38.0,4.0
gosuGANK,8.0,80.0,43.0,96.0,5.0
amathyx,15.0,15.0,15.0,15.0,85.0
alex-moita,24.0,77.0,4.0,18.0,74.0
ron_krugman,30.0,70.0,50.0,15.0,70.0
nocuddles4me,34.0,69.0,41.0,3.0,92.0
Imhullu,29.0,57.0,49.0,54.0,67.0
Yoep06,40.0,64.0,92.0,10.0,9.0
-Areopagan-,0.0,99.0,96.0,60.0,1.0
ermats,65.0,59.0,7.0,19.0,96.0
Pentacat,74.0,93.0,26.0,84.0,63.0
Cocktorpedo,31.0,95.0,1.0,34.0,99.0
Crunchthemoles,14.0,94.0,2.0,23.0,98.0
meyayo,91.0,17.0,30.0,7.0,43.0
CountryBoy014,11.0,1.0,57.0,2.0,26.0
antisocialbjj,43.0,53.0,2.0,18.0,67.0
Newt113,58.0,9.0,54.0,4.0,36.0
madviking,88.0,96.0,2.0,13.0,92.0
videohuevos,50.0,24.0,49.0,5.0,7.0
TheHiddenTruth,6.0,55.0,25.0,90.0,13.0
__cunty__,67.0,75.0,83.0,83.0,23.0
rohmer9,37.0,37.0,40.0,10.0,78.0
zugzwang_03,10.0,41.0,86.0,83.0,18.0
kit094,71.0,69.0,40.0,44.0,52.0
yellowsnow3000,9.0,78.0,41.0,86.0,11.0
LaV-Man,19.0,84.0,7.0,12.0,27.0
Jlmjiggy,29.0,87.0,94.0,46.0,11.0
chaos2501,15.0,10.0,97.0,16.0,3.0
knottedfate,5.0,74.0,11.0,43.0,97.0
Vespinian,92.0,41.0,72.0,40.0,11.0
thaneofthenns,53.0,80.0,13.0,5.0,48.0
MissLoxxx,34.0,11.0,26.0,33.0,40.0
central_deficiency,45.0,8.0,18.0,6.0,1.0
Divector,32.0,65.0,64.0,7.0,49.0
ishabad,18.0,9.0,42.0,22.0,80.0
Starburstnova,70.0,45.0,20.0,24.0,40.0
mechwarriorbuddah,85.0,50.0,50.0,15.0,85.0
KristianJ17,17.0,84.0,22.0,28.0,90.0
thestoebz,35.0,87.0,56.0,40.0,47.0
Yokuo,38.0,57.0,16.0,70.0,17.0
Kdot-BlackHippy,96.0,50.0,71.0,62.0,10.0
Burdling,0.0,97.0,10.0,82.0,5.0
Oxbridge,20.0,45.0,65.0,0.0,50.0
wootyhoot,32.0,20.0,69.0,9.0,26.0
sdh59,50.0,90.0,50.0,10.0,80.0
rotten-bunny,21.0,61.0,11.0,12.0,9.0
MatthewIcicle,68.0,75.0,49.0,66.0,92.0
LittleTinGod,22.0,57.0,24.0,3.0,91.0
Gromowlad,0.0,78.0,52.0,84.0,11.0
scottsamonster,8.0,50.0,16.0,7.0,40.0
Tea_Holic,1.0,34.0,79.0,57.0,18.0
eidree,0.0,38.0,39.0,3.0,58.0
Emin7sus4,54.0,96.0,8.0,57.0,11.0
tpowpoww,93.0,84.0,21.0,93.0,36.0
UltraGopnik3000,15.0,80.0,65.0,18.0,72.0
Mr-Kabuki,65.0,13.0,4.0,5.0,87.0
vissil,6.0,96.0,85.0,76.0,28.0
cupcakeraynebowjones,28.0,74.0,48.0,9.0,67.0
nrocinUcitsyM,26.0,54.0,20.0,53.0,22.0
22Starter22,11.0,3.0,32.0,6.0,77.0
amay330,52.5,64.5,45.0,61.5,38.5
amroki96,89.0,68.0,40.0,38.0,25.0
I_Am_A_Polite_A-hole,89.0,74.0,8.0,97.0,54.0
myhy_sae,50.0,85.0,50.0,50.0,50.0
MurrayConfederacy,9.0,41.0,10.0,4.0,90.0
AbiRNormal,41.0,74.0,35.0,80.0,3.0
hellosayonara,43.0,80.0,25.0,48.0,90.0
TigerP,20.0,30.0,20.0,10.0,50.0
beyond-antares,93.0,69.0,96.0,,25.0
cielestial,14.0,61.0,25.0,7.0,79.0
ezwip,11.0,31.0,99.0,11.0,49.0
BlatantTRPThrowaway,51.0,96.0,54.0,73.0,1.0
Captain_Clover,40.0,96.0,29.0,24.0,25.0
jhxcb,65.0,90.0,9.0,19.0,93.0
Quazimodem47,0.0,57.0,92.0,30.0,83.0
aristotleschild,53.0,85.0,50.0,23.0,65.0
ondraaaa,96.0,20.0,13.0,3.0,95.0
ItsyBitsyVarys,51.0,9.0,65.0,6.0,25.0
psychraticoath,5.0,30.0,87.0,3.0,96.0
Grazfather,2.0,34.0,78.0,50.0,42.0
Disrupturous,1.0,92.0,1.0,18.0,97.0
chantingpolynesian,85.0,88.0,,84.0,51.0
C_a_t_h_a_r_s_i_s,45.0,64.0,13.0,22.0,90.0
TXturkey,89.0,74.0,4.0,92.0,92.0
pikachuuuuu,85.0,50.0,85.0,5.0,85.0
qiv,28.0,96.0,25.0,58.0,82.0
zookatron,45.0,35.0,96.0,0.0,63.0
pearlz176,87.0,7.0,79.0,1.0,49.0
djoldman,1.0,65.0,94.0,7.0,1.0
IronHeights24,4.0,68.0,41.0,91.0,61.0
vufka,23.0,93.0,13.0,27.0,95.0
mikeochondria,65.0,95.0,83.0,63.0,61.0
salsuarez,12.0,84.0,13.0,84.0,33.0
REDDITNOFAPP3R,45.0,17.0,60.0,43.0,8.0
HereEveryDay,93.0,88.0,82.0,76.0,11.0
Jaegan,29.0,9.0,54.0,7.0,19.0
nobodydy12,15.0,58.0,69.0,10.0,92.0
12345jk12345,0.0,37.0,72.0,72.0,3.0
Gaunts,23.0,96.0,82.0,62.0,3.0
lonesion,12.0,29.0,3.0,50.0,74.0
madazzie,45.0,19.0,76.0,10.0,87.0
_Nerdfighter_,50.0,23.0,18.0,20.0,15.0
SlipperySalm0n,0.0,89.0,0.0,4.0,96.0
ElenaSalander,9.0,10.0,9.0,8.0,64.0
showholes,9.0,92.0,0.0,84.0,61.0
peterson2111,60.0,98.0,90.0,1.0,99.0
Rvwrr,43.0,91.0,3.0,92.0,20.0
Urukii,77.0,88.0,13.0,22.0,7.0
ErraticPragmatic,2.0,87.0,2.0,90.0,73.0
Deadpanpancakes,0.0,3.0,75.0,67.0,1.0
Zeno90,14.0,96.0,9.0,42.0,19.0
Tollaneer,17.0,96.0,42.0,40.0,23.0
Natrtatr,13.0,28.0,4.0,86.0,24.0
fifthchevron,91.0,90.0,20.0,43.0,73.0
balsamum,70.0,64.0,59.0,12.0,94.0
TFCNU,2.0,62.0,86.0,3.0,23.0
ThatUrukHaiMotif,70.0,11.0,9.0,72.0,43.0
WheresFreudAt,31.0,90.0,2.0,30.0,98.0
Goldie_87,67.0,9.0,17.0,2.0,89.0
dante76,50.0,95.0,85.0,85.0,15.0
docsigmarocks,21.0,88.0,61.0,22.0,80.0
Mamimisamejimamimi,15.0,85.0,15.0,15.0,85.0
Trigger__,41.0,38.0,61.0,8.0,88.0
strangest_dreams,70.0,69.0,49.0,22.0,93.0
aelendel,74.0,65.0,17.0,79.0,1.0
depressednymetsfan,8.0,2.0,98.0,6.0,61.0
citadelspace,94.0,66.0,18.0,92.0,30.0
LukeHiWalker,20.0,80.0,25.0,80.0,69.0
PepperJohn,17.0,10.0,35.0,92.0,5.0
MDMA_Throw_Away,54.0,92.0,41.0,57.0,36.0
mfcav123,24.0,14.0,8.0,82.0,71.0
katonwax,82.0,69.0,73.0,30.0,70.0
LRE,10.0,90.0,50.0,10.0,30.0
AkumaRose,9.0,84.0,18.0,74.0,86.0
Color0nTheRadio,74.0,71.0,49.0,22.0,74.0
GusetTheCheese,35.0,87.0,10.0,1.0,50.0
tbone28,85.0,57.0,56.0,47.0,53.0
Jennica,26.0,64.0,39.0,62.0,89.0
JonJonnyJonathan,70.0,92.0,44.0,98.0,7.0
lucysfan,77.5,77.5,35.0,42.5,72.5
milkofregret,90.0,75.0,77.0,2.0,0.0
eternia16,85.0,85.0,50.0,85.0,15.0
Bonhand,74.0,57.0,25.0,60.0,87.0
Free286,68.0,98.0,35.0,99.0,9.0
CleanDevelopment,9.0,30.0,8.0,49.0,27.0
i_like_my_life,75.0,12.0,6.0,5.0,7.0
theonecalledcaroline,71.0,80.0,2.0,91.0,91.0
chopperhead2011,61.0,71.0,17.0,82.0,97.0
toastmannn,41.0,45.0,13.0,16.0,75.0
SharoninBavaria,43.0,85.0,80.0,60.0,61.0
TheakashicKnight,1.0,68.0,15.0,9.0,10.0
InformalCriticism,13.0,17.0,55.0,24.0,33.0
Anon_Logic,41.0,50.0,96.0,67.0,13.0
thisisme201413,4.0,57.0,57.0,11.0,91.0
square0,24.0,8.0,4.0,0.0,5.0
bertweaze,2.0,98.0,0.0,96.0,64.0
Raycrittenden,45.0,64.0,76.0,19.0,58.0
laercia,84.0,95.0,81.0,31.0,5.0
IndieDiscovery,87.0,59.0,41.0,27.0,9.0
Astronomy1,59.0,86.0,44.5,47.0,43.0
newsjunki,21.0,94.0,83.0,85.0,21.0
DDickens1192,54.0,97.0,85.0,77.0,82.0
wgbfive,5.0,98.0,13.0,86.0,2.0
137288,10.0,87.0,49.0,7.0,87.0
Narcius,9.0,61.0,8.0,24.0,16.0
quakeroaks,3.0,85.0,19.0,50.0,92.0
DownInDemerara,2.0,98.0,88.0,0.0,20.0
chakke_ooch,1.0,28.0,62.0,33.0,46.0
Scornful_One,3.0,80.0,38.0,31.0,36.0
AlmightyWibble,69.0,11.0,1.0,34.0,99.0
MC_Keever,29.0,24.0,1.0,,4.0
nonneb,6.0,64.0,9.0,9.0,3.0
Crysicia,19.0,54.0,9.0,0.0,87.0
I_Photoshop_Movies,80.0,80.0,70.0,40.0,60.0
BlyOdlare,15.0,84.0,39.0,22.0,54.0
brown_business,50.0,85.0,50.0,85.0,15.0
DeeMI5I0,24.0,68.0,96.0,58.0,63.0
Jalapeno_Tom,7.0,,49.0,75.0,0.0
guynumberjuan,0.0,41.0,96.0,66.0,29.0
prstrjn,39.0,94.0,13.0,80.0,84.0
lemmykilmr97,7.0,16.0,81.0,17.0,26.0
Mangeto,70.0,85.0,30.0,50.0,70.0
penitent_spark,0.0,92.0,85.0,34.0,5.0
TheBakedPotato,81.0,61.0,25.0,73.0,32.0
eekkgg,40.0,30.0,15.0,0.0,44.0
ClockworkAnd,70.0,90.0,1.0,72.0,73.0
Lyley,96.0,88.0,54.0,7.0,7.0
DrJack3133,15.0,15.0,15.0,15.0,85.0
anantyc,53.0,17.0,16.0,10.0,64.0
freshstart31,90.0,79.0,60.0,73.0,17.0
AnPowerliftinMermaid,24.0,74.0,61.0,6.0,25.0
DakotaRayne,19.0,64.0,13.0,24.0,46.0
Kenshamwow,29.0,45.0,6.0,59.0,80.0
Ndp75,17.0,84.0,9.0,70.0,46.0
Aiichai,26.0,,23.0,71.0,70.0
harlyss,40.0,50.0,26.0,40.0,36.0
wizardkoer,1.0,80.0,1.0,10.0,43.0
peter199,99.0,74.0,17.0,29.0,99.0
not_new_name,80.0,95.0,41.0,96.0,90.0
anomaly023,1.0,90.0,86.0,1.0,47.0
Nithaniel,5.0,50.0,15.0,5.0,15.0
ClosetedAndQueer,50.0,50.0,15.0,15.0,85.0
alcoholicthrowaway32,15.0,95.0,15.0,15.0,85.0
Twinkle-Tits,95.0,85.0,15.0,85.0,85.0
Invisiblechimp,60.0,73.0,42.0,40.0,72.0
JunkyGS,79.0,74.0,70.0,77.0,27.0
langzaiguy,91.0,44.0,35.0,79.0,8.0
farmdatkiwi,17.0,74.0,9.0,18.0,92.0
ZachArch18,50.0,50.0,23.0,6.0,63.0
herrng,48.0,73.0,10.0,30.0,78.0
BronzeChrash,8.0,80.0,28.0,4.0,64.0
zymmaster,28.0,47.0,62.0,21.0,49.0
TrashSingingFlasher,89.0,88.0,86.0,74.0,6.0
shutupimclever,93.0,84.0,39.0,89.0,25.0
OliRevs,23.0,80.0,23.0,77.0,36.0
ArchieT7,97.0,99.0,16.0,1.0,70.0
littlerubywolf,15.0,50.0,15.0,15.0,85.0
neketa1,75.0,38.0,25.0,12.0,92.0
rose-rain,26.0,74.0,7.0,75.0,70.0
FancyPancakes,64.0,17.0,18.0,7.0,40.0
philosopher95,32.0,27.0,97.0,97.0,20.0
Jojovoid,79.0,62.0,50.0,57.0,80.0
BubolKawaiiFace,19.0,8.0,20.0,4.0,30.0
anthrolooksee,50.0,85.0,85.0,15.0,15.0
madbomber06,65.0,87.0,83.0,99.0,9.0
random_parallel,57.0,65.0,17.0,12.0,71.0
nemfrog,19.0,,35.0,17.0,33.0
paddywhack,20.0,91.0,71.0,88.0,19.0
WeHaveSomeQuestions,39.0,96.0,11.0,37.0,88.0
OwynSama,34.0,45.0,13.0,59.0,86.0
thesaucegod,0.0,93.0,3.0,3.0,3.0
jb567,56.0,46.0,54.0,42.0,95.0
Duncs11,12.0,6.0,58.0,59.0,28.0
WineRedPsy,22.0,98.0,1.0,73.0,99.0
thedollgirl,77.0,12.0,49.0,3.0,94.0
Erakir,98.0,88.0,35.0,9.0,10.0
ijorthegreat,99.0,87.0,78.0,83.0,48.0
timpleofdoom,70.0,80.0,25.0,50.0,0.0
DBucks1975,43.0,80.0,38.0,47.0,34.0
warusak,77.0,98.0,21.0,97.0,50.0
Yolanda_B_Kool,15.0,13.0,95.0,72.0,36.0
throwaway_3216,50.0,90.0,18.0,80.0,43.0
quirked,14.0,80.0,35.0,31.0,37.0
ch0whound,43.0,68.0,7.0,60.0,93.0
4OoztoFreedom,67.0,20.0,4.0,4.0,37.0
TwoPunnyFourWords,63.0,58.0,13.0,33.0,60.0
PM_ME_MY_JUNG_TYPE,60.0,97.0,45.0,50.0,85.0
M364N,86.0,50.0,65.0,30.0,90.0
melissarodriguez1,85.0,15.0,85.0,50.0,50.0
emopuppy,8.0,35.0,6.0,2.0,80.0
shmaltz_herring,96.0,92.0,9.0,2.0,1.0
meganhoins,85.0,50.0,85.0,50.0,85.0
wolfmanlt,45.0,95.0,17.0,78.0,81.0
HipHoptimusPrime13,94.0,80.0,0.0,47.0,4.0
Aocast,8.0,19.0,92.0,4.0,48.0
castorie,86.0,,30.0,53.0,67.0
MyrTheSeeker,11.0,85.0,54.0,42.0,34.0
Santza886,61.0,16.0,33.0,1.0,99.0
slayerment,93.0,61.0,,30.0,0.0
Johnny20022002,2.0,40.0,92.0,22.0,7.0
colossalteuthid,70.0,99.0,1.0,95.0,50.0
Hysteric_Blue,1.0,37.0,98.0,49.0,2.0
rijoja,9.0,78.0,3.0,68.0,66.0
lilly_65218,19.0,74.0,20.0,37.0,46.0
rara_rain,61.0,78.0,13.0,72.0,87.0
semigon,82.0,33.0,35.0,43.0,27.0
jermofo,70.0,92.0,81.0,7.0,5.0
cypherfied,47.0,80.0,17.0,14.0,85.0
AdamWe,44.0,30.0,52.0,7.0,93.0
Skinny_boi13,13.0,26.0,45.0,9.0,88.0
mialtacct,86.0,59.0,89.0,10.0,73.0
Seanctk10001,50.0,85.0,15.0,85.0,85.0
Zoto888,6.0,71.0,75.0,17.0,1.0
bendtowardsthesun,85.0,85.0,15.0,50.0,
Laurencolella,85.0,15.0,50.0,50.0,85.0
BlueEyezzz,24.0,80.0,21.0,18.0,22.0
mclintock111,17.0,50.0,16.0,10.0,25.0
Highly-Sammable,81.0,44.0,75.0,66.0,44.0
xzack18,4.0,19.0,11.0,27.0,16.0
DaLN,46.0,92.0,17.0,31.0,24.0
Hapte,84.0,61.0,88.0,62.0,33.0
Magniras,28.0,68.0,15.0,50.0,36.0
NotAFishYouCanCatch,65.0,69.0,35.0,10.0,73.0
mike_kagi,50.0,85.0,15.0,50.0,50.0
mukku88,89.0,10.0,35.0,46.0,5.0
Gamtauru,40.0,69.0,23.0,14.0,43.0
Handarand,2.0,86.0,59.0,96.0,56.0
PapaTua,91.0,96.0,81.0,43.0,1.0
kingpumpkin,70.0,19.0,85.0,94.0,67.0
singledecade,84.0,78.0,56.0,0.0,2.0
sloanelyatthetop,90.0,57.0,27.0,42.0,26.0
glasapplet,27.0,96.0,92.0,5.0,66.0
moonfever,54.0,63.0,38.0,6.0,85.0
ixian_technology,24.0,69.0,92.0,18.0,86.0
boyyyiee,0.0,49.0,35.0,95.0,29.0
farihahaha16,85.0,50.0,85.0,50.0,50.0
Sazzzzzzzzzzz,6.0,8.0,60.0,27.0,9.0
RANGER315,23.0,61.0,4.0,3.0,92.0
st_jam2,35.0,13.0,35.0,72.0,84.0
clouded0coffee,50.0,50.0,50.0,85.0,15.0
kalg,59.5,60.5,51.5,38.5,38.5
TheTweets,15.0,14.0,35.0,18.0,44.0
mopeybasterd,70.0,92.0,35.0,59.0,54.0
Silmariel,9.0,35.0,98.0,62.0,19.0
smellen_,61.0,68.0,1.0,0.0,88.0
EdgierDoge,50.0,50.0,15.0,15.0,85.0
pinetreeteepee,6.0,68.0,31.0,72.0,95.0
MuhStacks,17.0,3.0,4.0,6.0,92.0
tman37,23.0,34.0,6.0,50.0,31.0
Emma__L,50.0,85.0,85.0,15.0,85.0
lawilson0,59.0,93.0,7.0,16.0,60.0
tamraraf,70.0,19.0,26.0,7.0,8.0
kaoru17,11.0,83.0,7.0,69.0,95.0
Svanhvit,38.0,80.0,1.0,21.0,99.0
NotAVisualThinker,95.0,50.0,15.0,5.0,15.0
laughterasthepower,47.0,99.0,15.0,99.0,1.0
ClutchHunter,62.0,9.0,22.0,7.0,35.0
thenicknash,43.0,71.0,78.0,80.0,2.0
zeppelincheetah,50.0,85.0,15.0,15.0,85.0
Benevolent_Tyrant,44.0,54.0,6.0,0.0,98.0
jojewels92,21.0,37.0,35.0,76.0,19.0
Frenchitwist,12.0,64.0,18.0,92.0,30.0
1fastman1,70.0,42.0,28.0,57.0,51.0
rynomad,61.0,98.0,1.0,40.0,26.0
yrelav_dnomyar,13.0,42.0,97.0,0.0,7.0
-dyad-,60.0,67.0,45.0,10.0,47.0
Guardian_Of_Pigs,81.0,61.0,8.0,21.0,63.0
kirin_ichiban,65.0,88.0,97.0,10.0,58.0
Nightmareish,85.0,98.0,63.0,3.0,86.0
blakkasaurus,70.0,74.0,13.0,43.0,7.0
o_punhal,8.0,61.0,7.0,5.0,96.0
akeinator,82.0,78.0,1.0,25.0,74.0
God_I_Love_Men,,61.0,92.0,70.0,40.0
MooMooCakes,82.0,87.0,54.0,14.0,87.0
uselessinfobot,32.0,98.0,6.0,77.0,59.0
moustache02,29.0,38.0,86.0,43.0,19.0
Purples_A_Fruit,52.0,40.0,46.0,40.0,55.0
bakabrent,17.0,10.0,35.0,6.0,5.0
Ravenguardian17,66.0,90.0,34.0,66.0,48.0
GypsyGirl84,67.0,90.0,87.0,71.0,50.0
ShittingPanda,89.0,55.0,44.0,2.0,97.0
Vreiya,60.0,64.0,9.0,66.0,67.0
g4henderson,14.0,70.0,10.0,11.0,8.0
Bhikkhu_Jayasara,100.0,69.0,97.0,86.0,39.0
awryj,40.0,90.0,20.0,33.0,80.0
ottographic,32.0,83.0,2.0,40.0,78.0
ubercynic,57.0,35.0,69.0,4.0,18.0
PumkinMilk,96.0,80.0,8.0,28.0,22.0
SublimeIbanez,70.0,57.0,35.0,38.0,40.0
beekeepersmyth,46.0,96.0,23.0,98.0,94.0
Eve_CoeurlNA,81.0,61.0,94.0,5.0,44.0
lanbanger,10.0,50.0,30.0,10.0,70.0
Unseen_Creep,10.0,90.0,40.0,10.0,40.0
cloeycallahan,50.0,15.0,15.0,85.0,50.0
Righthandofxenu,0.0,89.0,98.0,22.0,50.0
Abutilion,50.0,49.0,38.0,47.0,94.0
mathquark,61.0,97.0,49.0,80.0,10.0
ArchPrime,13.0,61.0,1.0,2.0,26.0
Avosia,86.0,69.0,39.0,70.0,67.0
thingsthingsthings,50.0,85.0,15.0,50.0,85.0
musr,99.0,33.0,3.0,4.0,96.0
Vodkashower,57.0,2.0,72.0,77.0,56.0
BurnedOutInAJar,70.0,96.0,15.0,37.0,80.0
dingbat21,31.0,86.0,31.0,32.0,15.0
rafeem,77.0,85.0,31.0,46.0,94.0
Lovis27,79.0,30.0,49.0,95.0,25.0
TrapWolf,7.0,84.0,88.0,59.0,44.0
Miserable_Sea,47.0,31.0,32.0,2.0,99.0
Real-EstateNovelist,19.0,59.0,90.0,22.0,16.0
shuuzy,93.0,9.0,6.0,3.0,31.0
brett_tennyson,13.0,41.0,7.0,9.0,84.0
HastyCapablanca,35.0,65.0,6.0,23.0,99.0
DomCaboose,96.0,50.0,96.0,94.0,22.0
wrightlyrong,46.0,22.0,11.0,45.0,98.0
jfc47,74.0,96.0,56.0,60.0,74.0
max_occupancy,70.0,21.0,77.0,1.0,29.0
fretspyder,3.0,97.0,49.0,47.0,29.0
taylorashleigh,93.0,55.0,29.0,54.0,32.0
A_Pale_H_o_r_s_e,13.0,98.0,97.0,94.0,16.0
FedRCivP12B6,28.0,87.0,15.0,47.0,59.0
Violet_Viola,3.0,75.0,55.0,7.0,58.0
CelestelRain,45.0,84.0,7.0,5.0,80.0
Fearless_Prince,50.0,87.0,89.0,49.0,4.0
Gusmaz,26.0,64.0,34.0,0.0,54.0
JohnH_312,69.0,90.0,35.0,58.0,19.0
SJBappers,65.0,92.0,61.0,35.0,25.0
FriedrichAugust,29.0,90.0,26.0,43.0,49.0
DI3MONDD,94.0,92.0,41.0,18.0,27.0
gamergeek17,93.0,88.0,40.0,7.0,36.0
incinerateforests,22.0,70.0,64.0,31.0,1.0
ItObserves,70.0,82.0,1.0,4.0,62.0
Posturepedic,99.0,99.0,20.0,1.0,84.0
c43ppy,93.0,80.0,31.0,31.0,5.0
joshually,8.0,40.0,39.0,97.0,73.0
ghostdaze,74.0,59.0,60.0,1.0,95.0
eye_licker24,1.0,30.0,30.0,86.0,54.0
conspiracygirl2,23.0,78.0,20.0,34.0,1.0
Maedhros,86.0,69.0,65.0,67.0,16.0
betterwaystodie813,88.0,30.0,63.0,4.0,86.0
HelloMyNameIsZ,1.0,98.0,11.0,80.0,78.0
ametan,55.0,17.0,18.0,92.0,2.0
Tingleyourberry,27.0,61.0,13.0,37.0,19.0
A_Bra_and_a_Ham,1.0,50.0,61.0,90.0,3.0
MedDog,34.0,57.0,44.0,74.0,13.0
amfournda,67.0,89.0,38.0,0.0,83.0
eZelta,14.0,50.0,49.0,1.0,29.0
